time,open,high,low,close,tick_volume,spread,real_volume
2026-07-21 05:40:00,4037.08,4040.25,4035.06,4035.63,1957,7,0
2026-07-21 05:45:00,4035.61,4036.22,4033.96,4034.1,1354,15,0
2026-07-21 05:50:00,4034.1,4034.89,4030.91,4033.3,1511,11,0
2026-07-21 05:55:00,4033.31,4038.45,4032.83,4037.98,1656,8,0
2026-07-21 06:00:00,4037.99,4042.18,4037.72,4040.59,1973,9,0
2026-07-21 06:05:00,4040.59,4042.32,4038.03,4040.75,1426,9,0
2026-07-21 06:10:00,4040.75,4041.44,4037.64,4037.96,1283,18,0
2026-07-21 06:15:00,4037.96,4038.63,4036.7,4037.31,1236,17,0
2026-07-21 06:20:00,4037.29,4041.97,4037.01,4041.81,1712,15,0
2026-07-21 06:25:00,4041.81,4051.25,4041.31,4047.43,2113,7,0
2026-07-21 06:30:00,4047.43,4049.58,4044.66,4044.8,1278,11,0
2026-07-21 06:35:00,4044.72,4045.12,4042.71,4044.26,1007,8,0
2026-07-21 06:40:00,4044.18,4044.38,4041.73,4041.81,749,8,0
2026-07-21 06:45:00,4041.79,4045.56,4041.72,4045.38,1044,12,0
2026-07-21 06:50:00,4045.4,4046.92,4044.81,4045.56,823,10,0
2026-07-21 06:55:00,4045.54,4047.44,4045.27,4046.88,881,8,0
2026-07-21 07:00:00,4046.87,4050.14,4046.87,4047.95,935,7,0
2026-07-21 07:05:00,4047.95,4051.86,4047.02,4048.56,1264,9,0
2026-07-21 07:10:00,4048.57,4048.59,4045.56,4045.88,844,15,0
2026-07-21 07:15:00,4045.92,4046.39,4043.77,4043.9,728,23,0
2026-07-21 07:20:00,4043.9,4046.73,4043.9,4044.91,651,19,0
2026-07-21 07:25:00,4044.91,4045.32,4043.64,4044.59,652,9,0
2026-07-21 07:30:00,4044.6,4045.93,4044.17,4045.6,634,12,0
2026-07-21 07:35:00,4045.48,4046.55,4045.08,4046.02,742,10,0
2026-07-21 07:40:00,4045.99,4047.55,4045.01,4047.14,714,15,0
2026-07-21 07:45:00,4047.12,4047.69,4045.5,4046.44,583,12,0
2026-07-21 07:50:00,4046.44,4047.36,4045.42,4047.24,590,15,0
2026-07-21 07:55:00,4047.26,4049.75,4046.72,4049.55,698,23,0
2026-07-21 08:00:00,4049.53,4050.37,4048.28,4048.49,859,16,0
2026-07-21 08:05:00,4048.47,4050.35,4046.22,4050.17,961,14,0
2026-07-21 08:10:00,4050.2,4051.7,4048.11,4051.46,1139,8,0
2026-07-21 08:15:00,4051.37,4053.67,4048.93,4050.37,1023,9,0
2026-07-21 08:20:00,4050.37,4051.42,4048.0,4051.01,845,9,0
2026-07-21 08:25:00,4051.01,4056.34,4050.93,4054.49,1275,14,0
2026-07-21 08:30:00,4054.46,4060.48,4054.46,4059.63,2068,13,0
2026-07-21 08:35:00,4059.64,4061.84,4058.81,4061.15,1368,13,0
2026-07-21 08:40:00,4061.15,4066.39,4060.21,4065.87,2178,8,0
2026-07-21 08:45:00,4066.24,4067.91,4063.8,4065.96,1648,8,0
2026-07-21 08:50:00,4065.96,4066.47,4062.24,4062.84,1705,8,0
2026-07-21 08:55:00,4062.84,4064.65,4061.24,4061.38,1023,16,0
2026-07-21 09:00:00,4061.33,4066.51,4061.31,4065.28,1604,8,0
2026-07-21 09:05:00,4065.29,4067.75,4063.97,4067.72,1611,11,0
2026-07-21 09:10:00,4067.72,4072.46,4066.67,4071.28,1793,9,0
2026-07-21 09:15:00,4071.28,4072.62,4068.32,4071.46,1497,9,0
2026-07-21 09:20:00,4071.46,4074.37,4069.79,4073.58,1402,9,0
2026-07-21 09:25:00,4073.41,4074.16,4071.06,4072.4,1296,12,0
2026-07-21 09:30:00,4072.45,4074.58,4071.81,4072.53,1649,18,0
2026-07-21 09:35:00,4072.53,4076.02,4072.41,4074.31,1494,7,0
2026-07-21 09:40:00,4074.34,4080.57,4073.75,4076.93,1631,8,0
2026-07-21 09:45:00,4076.93,4084.13,4076.85,4082.92,1815,8,0
2026-07-21 09:50:00,4082.92,4083.32,4079.06,4080.06,1291,15,0
2026-07-21 09:55:00,4080.06,4080.57,4078.23,4078.39,1290,15,0
2026-07-21 10:00:00,4078.44,4080.14,4077.07,4077.36,1279,8,0
2026-07-21 10:05:00,4077.27,4077.99,4074.6,4074.6,1362,15,0
2026-07-21 10:10:00,4074.9,4075.35,4071.58,4072.0,1422,16,0
2026-07-21 10:15:00,4072.0,4073.45,4070.93,4073.34,1105,8,0
2026-07-21 10:20:00,4073.32,4073.32,4070.44,4070.58,881,12,0
2026-07-21 10:25:00,4070.62,4071.11,4068.23,4069.51,1197,7,0
2026-07-21 10:30:00,4069.48,4073.75,4067.59,4073.27,1221,8,0
2026-07-21 10:35:00,4073.31,4075.34,4072.49,4073.01,1056,12,0
2026-07-21 10:40:00,4072.99,4074.11,4071.2,4071.41,940,14,0
2026-07-21 10:45:00,4071.46,4072.56,4070.11,4071.46,1003,9,0
2026-07-21 10:50:00,4071.49,4072.06,4070.32,4070.4,896,9,0
2026-07-21 10:55:00,4070.4,4071.75,4069.73,4071.28,1052,9,0
2026-07-21 11:00:00,4071.26,4072.48,4065.99,4066.14,1549,7,0
2026-07-21 11:05:00,4066.14,4069.65,4065.42,4066.58,1387,7,0
2026-07-21 11:10:00,4066.58,4068.46,4065.68,4067.93,1167,8,0
2026-07-21 11:15:00,4067.93,4068.61,4066.02,4066.88,1107,8,0
2026-07-21 11:20:00,4066.88,4066.97,4063.02,4063.88,1134,8,0
2026-07-21 11:25:00,4063.86,4064.73,4062.82,4063.57,1154,8,0
2026-07-21 11:30:00,4063.55,4065.06,4061.79,4062.56,1360,10,0
2026-07-21 11:35:00,4062.66,4063.55,4060.79,4062.32,1059,11,0
2026-07-21 11:40:00,4062.32,4063.99,4062.02,4062.18,998,10,0
2026-07-21 11:45:00,4062.24,4062.43,4059.17,4060.07,1008,16,0
2026-07-21 11:50:00,4060.14,4063.44,4059.15,4061.12,1147,13,0
2026-07-21 11:55:00,4061.12,4063.59,4060.17,4062.78,701,8,0
2026-07-21 12:00:00,4062.82,4066.64,4062.82,4065.95,918,14,0
2026-07-21 12:05:00,4065.87,4066.74,4063.68,4065.96,1131,8,0
2026-07-21 12:10:00,4066.0,4066.28,4064.64,4065.11,771,15,0
2026-07-21 12:15:00,4065.23,4066.72,4064.65,4066.39,1031,12,0
2026-07-21 12:20:00,4066.39,4068.22,4065.07,4067.04,1455,9,0
2026-07-21 12:25:00,4067.03,4068.42,4062.51,4062.73,1157,13,0
2026-07-21 12:30:00,4062.73,4065.52,4061.68,4063.03,1131,10,0
2026-07-21 12:35:00,4063.01,4064.1,4061.71,4062.48,937,10,0
2026-07-21 12:40:00,4062.5,4062.84,4060.95,4062.37,812,21,0
2026-07-21 12:45:00,4062.37,4066.97,4062.12,4066.33,973,8,0
2026-07-21 12:50:00,4066.4,4069.66,4064.41,4069.18,1186,8,0
2026-07-21 12:55:00,4069.27,4069.27,4065.61,4065.91,939,10,0
2026-07-21 13:00:00,4065.79,4068.1,4063.62,4063.96,1211,8,0
2026-07-21 13:05:00,4063.94,4064.23,4061.45,4061.47,967,13,0
2026-07-21 13:10:00,4061.47,4068.4,4060.84,4066.16,2095,8,0
2026-07-21 13:15:00,4066.18,4068.22,4064.74,4067.3,1387,10,0
2026-07-21 13:20:00,4067.3,4069.12,4066.93,4067.27,1195,21,0
2026-07-21 13:25:00,4067.27,4069.25,4066.12,4066.66,982,10,0
2026-07-21 13:30:00,4066.78,4068.39,4066.53,4068.18,993,17,0
2026-07-21 13:35:00,4068.18,4070.09,4067.97,4068.79,1144,10,0
2026-07-21 13:40:00,4068.79,4068.79,4066.7,4066.95,860,13,0
2026-07-21 13:45:00,4067.07,4068.51,4062.88,4062.97,1112,8,0
2026-07-21 13:50:00,4063.18,4066.26,4062.87,4064.77,984,8,0
2026-07-21 13:55:00,4064.77,4065.13,4062.38,4062.9,1047,9,0
2026-07-21 14:00:00,4062.87,4063.69,4056.15,4056.65,1440,9,0
2026-07-21 14:05:00,4056.65,4058.95,4055.41,4056.07,1182,8,0
2026-07-21 14:10:00,4056.05,4059.04,4055.9,4058.51,1019,13,0
2026-07-21 14:15:00,4058.48,4059.65,4057.92,4058.03,984,10,0
2026-07-21 14:20:00,4058.06,4059.36,4056.19,4059.33,1002,13,0
2026-07-21 14:25:00,4059.33,4059.75,4057.18,4058.01,1032,8,0
2026-07-21 14:30:00,4058.12,4059.62,4057.77,4058.78,1049,13,0
2026-07-21 14:35:00,4058.96,4061.13,4058.64,4059.91,1062,8,0
2026-07-21 14:40:00,4059.91,4060.07,4055.43,4056.01,1098,12,0
2026-07-21 14:45:00,4055.87,4057.84,4054.33,4057.83,827,9,0
2026-07-21 14:50:00,4057.61,4058.36,4055.63,4056.45,873,13,0
2026-07-21 14:55:00,4056.48,4057.03,4054.97,4055.96,831,10,0
2026-07-21 15:00:00,4056.06,4058.76,4055.62,4058.27,1548,8,0
2026-07-21 15:05:00,4058.29,4060.96,4058.08,4058.6,1528,8,0
2026-07-21 15:10:00,4058.6,4059.7,4056.24,4059.31,1210,8,0
2026-07-21 15:15:00,4059.31,4060.19,4055.73,4059.02,1540,8,0
2026-07-21 15:20:00,4059.01,4065.72,4057.76,4065.1,1778,8,0
2026-07-21 15:25:00,4065.1,4065.21,4060.65,4061.5,1904,10,0
2026-07-21 15:30:00,4061.56,4063.69,4059.03,4059.37,1943,8,0
2026-07-21 15:35:00,4059.37,4059.48,4053.66,4055.04,1779,8,0
2026-07-21 15:40:00,4055.04,4056.14,4050.98,4053.89,1779,8,0
2026-07-21 15:45:00,4053.89,4062.1,4053.56,4059.99,1472,8,0
2026-07-21 15:50:00,4060.01,4060.06,4055.31,4055.63,1690,8,0
2026-07-21 15:55:00,4055.65,4055.88,4052.77,4053.81,1438,8,0
2026-07-21 16:00:00,4053.79,4060.38,4053.72,4056.94,2644,8,0
2026-07-21 16:05:00,4056.97,4060.34,4056.97,4057.45,2005,8,0
2026-07-21 16:10:00,4057.45,4060.31,4056.73,4059.74,1591,7,0
2026-07-21 16:15:00,4059.74,4061.62,4054.57,4055.77,2006,8,0
2026-07-21 16:20:00,4055.77,4057.39,4051.68,4052.53,1883,8,0
2026-07-21 16:25:00,4052.53,4054.61,4050.3,4050.88,2307,7,0
2026-07-21 16:30:00,4050.84,4057.32,4047.62,4055.91,3360,7,0
2026-07-21 16:35:00,4055.79,4057.41,4050.96,4052.77,3232,7,0
2026-07-21 16:40:00,4052.75,4053.64,4044.61,4046.37,3270,8,0
2026-07-21 16:45:00,4046.4,4050.44,4044.44,4050.39,2914,8,0
2026-07-21 16:50:00,4050.41,4052.73,4046.17,4052.18,2623,7,0
2026-07-21 16:55:00,4052.18,4053.43,4049.68,4053.12,2541,10,0
2026-07-21 17:00:00,4053.13,4056.67,4051.61,4056.38,2595,8,0
2026-07-21 17:05:00,4056.31,4059.4,4054.43,4054.9,2637,11,0
2026-07-21 17:10:00,4054.86,4065.89,4054.86,4065.88,3058,8,0
2026-07-21 17:15:00,4065.78,4067.64,4060.88,4064.01,2752,10,0
2026-07-21 17:20:00,4063.99,4065.11,4061.09,4064.87,2952,8,0
2026-07-21 17:25:00,4064.85,4069.42,4064.01,4069.4,2653,8,0
2026-07-21 17:30:00,4069.38,4073.68,4066.72,4066.77,2961,8,0
2026-07-21 17:35:00,4066.79,4067.29,4062.24,4064.52,2758,9,0
2026-07-21 17:40:00,4064.58,4067.91,4062.75,4067.45,2478,12,0
2026-07-21 17:45:00,4067.45,4070.48,4066.23,4069.53,2570,7,0
2026-07-21 17:50:00,4069.6,4070.69,4066.61,4068.97,2709,8,0
2026-07-21 17:55:00,4069.0,4070.48,4067.25,4068.32,2382,8,0
2026-07-21 18:00:00,4068.32,4070.91,4067.71,4068.26,2576,8,0
2026-07-21 18:05:00,4068.26,4070.3,4065.52,4069.12,2270,8,0
2026-07-21 18:10:00,4069.16,4073.77,4069.08,4073.22,2237,8,0
2026-07-21 18:15:00,4073.22,4078.55,4073.12,4077.06,2296,7,0
2026-07-21 18:20:00,4077.08,4079.09,4075.44,4078.08,2652,7,0
2026-07-21 18:25:00,4078.11,4078.32,4075.67,4076.8,2211,7,0
2026-07-21 18:30:00,4076.8,4082.83,4075.94,4081.1,2652,7,0
2026-07-21 18:35:00,4081.1,4083.41,4078.64,4080.33,2128,12,0
2026-07-21 18:40:00,4080.33,4080.85,4075.39,4075.65,1926,9,0
2026-07-21 18:45:00,4075.84,4075.97,4072.05,4073.05,1496,8,0
2026-07-21 18:50:00,4073.12,4078.11,4073.09,4076.73,1260,8,0
2026-07-21 18:55:00,4076.73,4076.77,4073.66,4074.14,1370,9,0
2026-07-21 19:00:00,4074.01,4077.82,4073.53,4077.82,1534,12,0
2026-07-21 19:05:00,4077.75,4078.05,4076.45,4077.06,1177,11,0
2026-07-21 19:10:00,4077.06,4079.17,4076.38,4078.45,1463,7,0
2026-07-21 19:15:00,4078.43,4078.55,4076.63,4077.35,1295,8,0
2026-07-21 19:20:00,4077.35,4078.16,4076.16,4077.99,1470,7,0
2026-07-21 19:25:00,4077.99,4078.1,4073.91,4075.64,1054,11,0
2026-07-21 19:30:00,4075.66,4076.27,4074.59,4075.62,1042,16,0
2026-07-21 19:35:00,4075.62,4075.93,4070.95,4074.16,1017,11,0
2026-07-21 19:40:00,4074.06,4075.11,4071.41,4072.02,1267,17,0
2026-07-21 19:45:00,4072.02,4072.66,4069.81,4072.35,1596,9,0
2026-07-21 19:50:00,4072.17,4073.27,4071.55,4072.76,920,13,0
2026-07-21 19:55:00,4072.76,4073.1,4070.96,4071.41,882,15,0
2026-07-21 20:00:00,4071.41,4072.23,4069.14,4070.36,1058,11,0
2026-07-21 20:05:00,4070.34,4072.48,4069.8,4071.41,1032,11,0
2026-07-21 20:10:00,4071.41,4072.52,4069.85,4070.39,906,8,0
2026-07-21 20:15:00,4070.47,4070.95,4068.95,4069.04,934,18,0
2026-07-21 20:20:00,4069.02,4071.9,4068.83,4071.32,1229,8,0
2026-07-21 20:25:00,4071.19,4072.75,4070.9,4072.21,1226,9,0
2026-07-21 20:30:00,4072.19,4072.27,4069.6,4070.33,867,13,0
2026-07-21 20:35:00,4070.33,4070.33,4068.9,4069.24,699,15,0
2026-07-21 20:40:00,4069.24,4069.54,4066.7,4068.08,979,8,0
2026-07-21 20:45:00,4068.04,4068.18,4066.73,4067.07,888,8,0
2026-07-21 20:50:00,4067.07,4068.03,4066.76,4067.82,616,22,0
2026-07-21 20:55:00,4067.81,4068.65,4066.79,4068.65,733,17,0
2026-07-21 21:00:00,4068.67,4069.57,4067.74,4067.82,952,12,0
2026-07-21 21:05:00,4067.84,4072.01,4067.63,4071.76,1115,17,0
2026-07-21 21:10:00,4071.76,4072.22,4071.22,4071.48,1023,16,0
2026-07-21 21:15:00,4071.39,4073.83,4071.14,4073.25,1324,12,0
2026-07-21 21:20:00,4073.25,4081.69,4072.39,4081.21,1520,9,0
2026-07-21 21:25:00,4081.11,4087.14,4081.09,4083.72,2040,8,0
2026-07-21 21:30:00,4083.72,4085.61,4081.08,4084.55,1258,14,0
2026-07-21 21:35:00,4084.47,4085.28,4081.4,4082.7,1048,17,0
2026-07-21 21:40:00,4082.6,4083.94,4081.76,4082.22,1041,13,0
2026-07-21 21:45:00,4082.29,4082.53,4080.23,4080.78,914,15,0
2026-07-21 21:50:00,4080.76,4081.43,4079.15,4080.95,892,13,0
2026-07-21 21:55:00,4080.95,4083.34,4080.93,4082.15,850,13,0
2026-07-21 22:00:00,4082.17,4085.27,4082.17,4084.3,1441,8,0
2026-07-21 22:05:00,4084.26,4085.68,4081.29,4081.35,1148,10,0
2026-07-21 22:10:00,4081.29,4081.75,4080.0,4080.82,1201,8,0
2026-07-21 22:15:00,4080.84,4084.06,4080.84,4083.55,1135,10,0
2026-07-21 22:20:00,4083.62,4084.52,4082.37,4083.75,1012,9,0
2026-07-21 22:25:00,4083.77,4085.29,4083.55,4084.02,1168,10,0
2026-07-21 22:30:00,4084.11,4085.08,4083.12,4083.51,1195,15,0
2026-07-21 22:35:00,4083.54,4083.57,4081.9,4082.59,974,8,0
2026-07-21 22:40:00,4082.61,4084.47,4082.41,4083.38,988,10,0
2026-07-21 22:45:00,4083.4,4085.34,4082.83,4084.69,1089,8,0
2026-07-21 22:50:00,4084.7,4085.28,4083.45,4084.15,1364,12,0
2026-07-21 22:55:00,4084.17,4085.29,4083.38,4084.4,1410,7,0
2026-07-22 01:00:00,4076.59,4080.53,4076.55,4078.29,316,54,0
2026-07-22 01:05:00,4078.63,4079.71,4076.91,4077.89,483,15,0
2026-07-22 01:10:00,4077.95,4079.3,4077.41,4078.99,375,15,0
2026-07-22 01:15:00,4078.91,4080.84,4078.2,4080.1,612,21,0
2026-07-22 01:20:00,4080.17,4082.17,4080.17,4080.62,490,8,0
2026-07-22 01:25:00,4080.65,4083.02,4080.54,4082.85,607,8,0
2026-07-22 01:30:00,4082.85,4085.04,4082.51,4083.78,641,8,0
2026-07-22 01:35:00,4083.78,4084.98,4082.7,4084.41,497,17,0
2026-07-22 01:40:00,4084.38,4084.99,4083.83,4083.95,382,12,0
2026-07-22 01:45:00,4083.9,4084.35,4081.05,4081.07,704,13,0
2026-07-22 01:50:00,4081.16,4082.04,4078.16,4079.66,776,9,0
2026-07-22 01:55:00,4079.65,4081.27,4079.57,4080.4,422,14,0
2026-07-22 02:00:00,4080.4,4081.32,4079.45,4080.44,590,10,0
2026-07-22 02:05:00,4080.44,4081.83,4080.0,4081.1,403,27,0
2026-07-22 02:10:00,4081.1,4081.92,4080.24,4081.26,356,10,0
2026-07-22 02:15:00,4081.26,4082.48,4080.81,4082.34,322,17,0
2026-07-22 02:20:00,4082.24,4082.35,4081.09,4082.12,242,26,0
2026-07-22 02:25:00,4082.1,4082.47,4080.95,4081.12,354,22,0
2026-07-22 02:30:00,4081.13,4081.68,4080.49,4080.62,298,8,0
2026-07-22 02:35:00,4080.55,4082.05,4080.42,4081.91,321,7,0
2026-07-22 02:40:00,4081.92,4082.34,4079.16,4080.41,531,12,0
2026-07-22 02:45:00,4080.4,4083.03,4079.33,4080.76,635,9,0
2026-07-22 02:50:00,4080.76,4081.17,4080.06,4080.35,277,34,0
2026-07-22 02:55:00,4080.36,4081.04,4079.19,4080.56,795,13,0
2026-07-22 03:00:00,4080.55,4082.8,4076.62,4082.7,2175,8,0
2026-07-22 03:05:00,4082.72,4090.08,4081.33,4088.1,2041,8,0
2026-07-22 03:10:00,4088.03,4092.72,4087.49,4092.17,1766,9,0
2026-07-22 03:15:00,4092.16,4098.02,4092.16,4095.45,2067,7,0
2026-07-22 03:20:00,4095.45,4097.65,4092.67,4097.11,1800,8,0
2026-07-22 03:25:00,4097.14,4098.69,4096.65,4098.05,1974,7,0
2026-07-22 03:30:00,4098.08,4102.36,4090.18,4091.41,1945,8,0
2026-07-22 03:35:00,4091.39,4097.15,4089.62,4094.74,1633,8,0
2026-07-22 03:40:00,4094.74,4095.13,4091.63,4092.75,1466,9,0
2026-07-22 03:45:00,4092.75,4099.35,4091.44,4096.43,2039,8,0
2026-07-22 03:50:00,4096.42,4097.25,4093.4,4094.0,1566,20,0
2026-07-22 03:55:00,4094.0,4097.53,4093.1,4097.42,1987,11,0
2026-07-22 04:00:00,4097.44,4113.38,4096.72,4110.51,3204,7,0
2026-07-22 04:05:00,4110.58,4117.39,4109.96,4115.89,3038,7,0
2026-07-22 04:10:00,4115.86,4121.46,4113.5,4121.24,2841,8,0
2026-07-22 04:15:00,4121.19,4121.62,4111.94,4112.81,2439,7,0
2026-07-22 04:20:00,4112.75,4115.83,4111.69,4112.44,2819,8,0
2026-07-22 04:25:00,4112.42,4116.7,4112.15,4115.52,2689,11,0
2026-07-22 04:30:00,4115.54,4117.18,4112.86,4116.68,2865,8,0
2026-07-22 04:35:00,4116.69,4121.4,4114.72,4119.54,2761,8,0
2026-07-22 04:40:00,4119.57,4122.89,4118.06,4121.67,2645,8,0
2026-07-22 04:45:00,4121.67,4123.7,4118.65,4119.78,2117,7,0
2026-07-22 04:50:00,4119.77,4121.16,4118.28,4119.42,2513,7,0
2026-07-22 04:55:00,4119.46,4122.96,4117.26,4122.1,2127,8,0
2026-07-22 05:00:00,4122.1,4122.7,4119.42,4121.79,2312,11,0
2026-07-22 05:05:00,4121.79,4122.12,4118.74,4121.51,2111,8,0
2026-07-22 05:10:00,4121.51,4123.43,4120.33,4121.87,1931,8,0
2026-07-22 05:15:00,4121.91,4125.05,4119.84,4120.39,1851,9,0
2026-07-22 05:20:00,4120.38,4125.57,4120.25,4124.78,1493,8,0
2026-07-22 05:25:00,4124.8,4125.97,4123.9,4124.17,1604,8,0
2026-07-22 05:30:00,4124.18,4130.35,4122.12,4130.2,2216,8,0
2026-07-22 05:35:00,4130.17,4130.32,4124.24,4124.51,1992,7,0
2026-07-22 05:40:00,4124.48,4129.32,4124.38,4128.21,1974,8,0
2026-07-22 05:45:00,4128.21,4130.51,4127.5,4128.33,2055,11,0
2026-07-22 05:50:00,4128.32,4129.13,4126.12,4128.3,2022,10,0
2026-07-22 05:55:00,4128.3,4130.87,4126.69,4130.36,1926,8,0
2026-07-22 06:00:00,4130.49,4133.49,4129.11,4133.39,2122,8,0
2026-07-22 06:05:00,4133.4,4140.62,4132.42,4137.33,2470,8,0
2026-07-22 06:10:00,4137.36,4138.4,4134.88,4137.2,1540,8,0
2026-07-22 06:15:00,4137.2,4139.81,4136.64,4138.97,1733,8,0
2026-07-22 06:20:00,4138.97,4141.62,4138.13,4138.9,1623,8,0
2026-07-22 06:25:00,4138.83,4139.82,4136.93,4138.17,1857,8,0
2026-07-22 06:30:00,4138.16,4138.21,4134.6,4135.05,1608,8,0
2026-07-22 06:35:00,4135.04,4135.71,4132.53,4133.59,815,14,0
2026-07-22 06:40:00,4133.54,4134.36,4132.43,4133.48,1270,8,0
2026-07-22 06:45:00,4133.52,4134.36,4132.2,4132.69,1347,7,0
2026-07-22 06:50:00,4132.68,4132.74,4130.64,4131.08,1216,8,0
2026-07-22 06:55:00,4131.08,4131.72,4129.94,4130.84,1133,16,0
2026-07-22 07:00:00,4130.84,4131.19,4126.43,4128.28,1575,8,0
2026-07-22 07:05:00,4128.28,4130.47,4127.58,4128.0,1084,8,0
2026-07-22 07:10:00,4128.0,4128.44,4126.21,4126.92,1244,8,0
2026-07-22 07:15:00,4126.92,4129.59,4126.84,4128.01,979,16,0
2026-07-22 07:20:00,4127.94,4129.35,4127.57,4128.76,968,13,0
2026-07-22 07:25:00,4128.76,4128.91,4127.51,4128.75,934,12,0
2026-07-22 07:30:00,4128.75,4129.01,4124.93,4126.68,1050,15,0
2026-07-22 07:35:00,4126.68,4126.8,4124.6,4126.19,1060,9,0
2026-07-22 07:40:00,4126.19,4127.61,4126.17,4127.26,956,13,0
2026-07-22 07:45:00,4127.26,4127.63,4125.32,4126.23,1208,14,0
2026-07-22 07:50:00,4126.23,4126.97,4125.16,4125.93,1040,8,0
2026-07-22 07:55:00,4125.93,4127.18,4125.37,4126.98,955,12,0
2026-07-22 08:00:00,4127.0,4129.23,4125.87,4128.34,1270,17,0
2026-07-22 08:05:00,4128.34,4129.12,4126.44,4127.14,1195,14,0
2026-07-22 08:10:00,4127.12,4129.95,4127.02,4128.48,989,10,0
2026-07-22 08:15:00,4128.46,4128.65,4123.11,4124.01,1653,8,0
2026-07-22 08:20:00,4124.01,4124.74,4123.12,4124.31,1188,16,0
2026-07-22 08:25:00,4124.31,4126.38,4123.34,4123.69,1343,8,0
2026-07-22 08:30:00,4123.72,4128.78,4122.95,4127.5,2560,8,0
2026-07-22 08:35:00,4127.5,4133.95,4127.15,4132.52,2076,9,0
2026-07-22 08:40:00,4132.51,4133.18,4130.08,4132.41,2007,8,0
2026-07-22 08:45:00,4132.44,4133.2,4130.13,4131.92,2222,11,0
2026-07-22 08:50:00,4131.92,4132.85,4129.06,4129.52,1880,16,0
2026-07-22 08:55:00,4129.54,4131.43,4127.82,4130.98,1547,10,0
2026-07-22 09:00:00,4130.98,4135.26,4130.91,4134.23,2116,8,0
2026-07-22 09:05:00,4134.24,4134.24,4130.47,4130.66,1765,7,0
2026-07-22 09:10:00,4130.72,4132.35,4129.35,4129.79,1496,8,0
2026-07-22 09:15:00,4129.76,4131.89,4129.11,4130.39,1492,9,0
2026-07-22 09:20:00,4130.39,4130.67,4124.26,4125.07,1833,8,0
2026-07-22 09:25:00,4125.02,4125.29,4113.8,4117.32,2553,9,0
2026-07-22 09:30:00,4117.39,4119.27,4114.55,4119.24,2532,8,0
2026-07-22 09:35:00,4119.28,4120.3,4116.45,4117.34,1924,8,0
2026-07-22 09:40:00,4117.34,4120.16,4116.98,4118.76,1538,8,0
2026-07-22 09:45:00,4118.71,4120.7,4116.99,4117.64,1749,7,0
2026-07-22 09:50:00,4117.63,4117.64,4114.23,4116.41,1803,8,0
2026-07-22 09:55:00,4116.38,4117.03,4113.25,4116.32,1790,11,0
2026-07-22 10:00:00,4116.31,4117.31,4111.77,4112.5,2205,8,0
2026-07-22 10:05:00,4112.8,4115.63,4112.31,4113.4,1988,8,0
2026-07-22 10:10:00,4113.4,4116.44,4112.42,4116.39,1842,7,0
2026-07-22 10:15:00,4116.17,4119.06,4115.91,4118.84,1449,7,0
2026-07-22 10:20:00,4118.85,4122.49,4117.86,4117.86,1459,7,0
2026-07-22 10:25:00,4117.84,4120.06,4117.7,4119.64,1559,13,0
2026-07-22 10:30:00,4119.55,4123.08,4118.17,4118.19,1957,7,0
2026-07-22 10:35:00,4118.19,4118.39,4114.91,4114.93,1922,14,0
2026-07-22 10:40:00,4114.93,4115.27,4110.87,4112.26,2075,12,0
2026-07-22 10:45:00,4112.24,4113.65,4109.62,4110.17,1928,7,0
2026-07-22 10:50:00,4110.15,4114.11,4109.6,4114.06,1960,8,0
2026-07-22 10:55:00,4114.03,4114.37,4109.2,4110.56,1992,8,0
2026-07-22 11:00:00,4110.58,4115.27,4110.5,4114.98,2465,8,0
2026-07-22 11:05:00,4114.86,4115.86,4113.53,4114.5,2147,9,0
2026-07-22 11:10:00,4114.5,4116.07,4112.35,4114.66,2060,9,0
2026-07-22 11:15:00,4114.67,4115.49,4113.35,4114.81,2189,11,0
2026-07-22 11:20:00,4114.91,4117.83,4114.79,4116.85,1752,8,0
2026-07-22 11:25:00,4116.83,4117.69,4115.35,4117.47,2049,8,0
2026-07-22 11:30:00,4117.46,4119.11,4116.49,4117.91,1963,8,0
2026-07-22 11:35:00,4117.91,4118.56,4116.58,4116.73,1785,8,0
2026-07-22 11:40:00,4116.75,4117.41,4114.09,4114.53,1753,8,0
2026-07-22 11:45:00,4114.67,4116.3,4113.33,4114.64,1918,8,0
2026-07-22 11:50:00,4114.64,4117.76,4113.62,4117.52,1830,8,0
2026-07-22 11:55:00,4117.54,4120.16,4117.46,4118.31,1415,8,0
2026-07-22 12:00:00,4118.29,4120.52,4117.74,4119.91,1826,7,0
2026-07-22 12:05:00,4119.89,4122.21,4117.95,4119.95,1561,8,0
2026-07-22 12:10:00,4119.98,4122.2,4119.57,4121.69,1528,8,0
2026-07-22 12:15:00,4121.82,4122.22,4119.67,4122.19,1625,8,0
2026-07-22 12:20:00,4122.21,4122.32,4119.33,4120.69,1656,14,0
2026-07-22 12:25:00,4120.67,4121.3,4117.88,4118.72,1508,7,0
2026-07-22 12:30:00,4118.59,4121.63,4116.3,4117.29,1870,8,0
2026-07-22 12:35:00,4117.25,4118.75,4114.3,4114.47,1856,9,0
2026-07-22 12:40:00,4114.47,4118.9,4114.32,4116.01,1589,13,0
2026-07-22 12:45:00,4115.99,4117.41,4115.69,4116.88,1270,13,0
2026-07-22 12:50:00,4116.94,4117.66,4113.16,4115.16,1670,8,0
2026-07-22 12:55:00,4115.08,4117.86,4114.11,4115.0,1545,8,0
2026-07-22 13:00:00,4114.99,4120.0,4114.75,4116.32,1694,8,0
2026-07-22 13:05:00,4116.32,4117.83,4115.92,4116.15,1712,7,0
2026-07-22 13:10:00,4116.14,4118.17,4115.98,4117.46,1565,7,0
2026-07-22 13:15:00,4117.46,4119.29,4116.42,4117.51,1498,8,0
2026-07-22 13:20:00,4117.49,4121.74,4117.49,4121.42,1946,8,0
2026-07-22 13:25:00,4121.54,4121.71,4118.9,4119.22,1555,14,0
2026-07-22 13:30:00,4119.22,4119.91,4117.84,4118.77,1466,14,0
2026-07-22 13:35:00,4118.74,4119.09,4116.71,4117.04,1425,9,0
2026-07-22 13:40:00,4117.02,4117.7,4115.89,4117.07,1176,15,0
2026-07-22 13:45:00,4117.07,4119.01,4116.23,4118.91,1356,18,0
2026-07-22 13:50:00,4118.91,4120.26,4117.95,4118.16,1358,20,0
2026-07-22 13:55:00,4118.15,4118.28,4116.13,4117.46,1008,13,0
2026-07-22 14:00:00,4117.46,4118.1,4115.19,4117.01,1578,10,0
2026-07-22 14:05:00,4116.94,4118.75,4116.09,4118.72,1490,9,0
2026-07-22 14:10:00,4118.75,4120.92,4117.98,4119.04,1210,11,0
2026-07-22 14:15:00,4119.04,4122.98,4118.54,4121.01,1047,8,0
2026-07-22 14:20:00,4120.99,4122.65,4120.19,4120.51,1237,8,0
2026-07-22 14:25:00,4120.51,4120.83,4117.42,4118.62,1361,12,0
2026-07-22 14:30:00,4118.62,4120.55,4118.22,4119.84,1295,10,0
2026-07-22 14:35:00,4119.84,4119.88,4117.13,4118.65,1570,7,0
2026-07-22 14:40:00,4118.71,4119.2,4112.49,4115.15,2734,8,0
2026-07-22 14:45:00,4115.14,4120.28,4114.71,4120.25,1909,8,0
2026-07-22 14:50:00,4120.24,4121.39,4118.02,4119.71,1600,8,0
2026-07-22 14:55:00,4119.96,4123.0,4119.49,4122.58,1448,11,0
2026-07-22 15:00:00,4122.57,4126.48,4121.79,4125.26,2262,8,0
2026-07-22 15:05:00,4125.25,4127.0,4123.52,4124.79,2298,8,0
2026-07-22 15:10:00,4124.79,4127.33,4123.49,4126.98,1908,8,0
2026-07-22 15:15:00,4127.09,4127.71,4124.7,4125.91,1908,8,0
2026-07-22 15:20:00,4125.94,4130.09,4125.52,4129.5,2469,8,0
2026-07-22 15:25:00,4129.47,4133.12,4128.42,4132.61,2052,8,0
2026-07-22 15:30:00,4132.57,4134.34,4127.24,4127.54,2224,8,0
2026-07-22 15:35:00,4127.55,4128.27,4124.66,4127.02,2260,8,0
2026-07-22 15:40:00,4127.04,4128.42,4125.37,4127.18,2178,7,0
2026-07-22 15:45:00,4127.2,4127.6,4118.71,4118.79,2328,8,0
2026-07-22 15:50:00,4118.79,4119.66,4116.74,4118.0,1930,10,0
2026-07-22 15:55:00,4117.98,4118.3,4106.52,4112.81,2301,7,0
2026-07-22 16:00:00,4112.95,4120.44,4112.64,4119.26,2600,8,0
2026-07-22 16:05:00,4119.27,4121.26,4117.38,4121.08,2185,8,0
2026-07-22 16:10:00,4121.11,4125.81,4120.37,4125.67,1804,7,0
2026-07-22 16:15:00,4125.56,4131.38,4124.95,4130.64,2307,8,0
2026-07-22 16:20:00,4130.75,4133.9,4128.49,4133.53,2237,10,0
2026-07-22 16:25:00,4133.52,4134.91,4131.25,4131.65,2179,8,0
2026-07-22 16:30:00,4131.78,4146.81,4131.78,4142.22,3502,7,0
2026-07-22 16:35:00,4142.21,4145.54,4138.5,4144.31,3594,7,0
2026-07-22 16:40:00,4144.32,4145.97,4140.84,4142.7,3614,8,0
2026-07-22 16:45:00,4142.79,4149.72,4142.53,4146.22,3437,7,0
2026-07-22 16:50:00,4146.3,4148.15,4143.88,4145.62,3519,7,0
2026-07-22 16:55:00,4145.59,4155.81,4144.54,4154.43,3463,7,0
2026-07-22 17:00:00,4154.61,4163.42,4153.24,4156.5,3832,7,0
2026-07-22 17:05:00,4156.37,4158.95,4153.25,4156.61,3370,7,0
2026-07-22 17:10:00,4156.63,4158.93,4155.39,4156.54,3278,8,0
2026-07-22 17:15:00,4156.54,4156.58,4148.81,4149.03,3547,7,0
2026-07-22 17:20:00,4149.06,4152.63,4148.55,4149.82,3374,8,0
2026-07-22 17:25:00,4149.84,4150.43,4144.34,4146.34,3222,8,0
2026-07-22 17:30:00,4146.38,4152.54,4146.18,4150.58,3467,10,0
2026-07-22 17:35:00,4150.56,4151.96,4148.72,4151.94,3593,9,0
2026-07-22 17:40:00,4151.9,4152.89,4147.5,4150.7,3293,9,0
2026-07-22 17:45:00,4150.89,4152.82,4145.54,4148.16,3338,7,0
2026-07-22 17:50:00,4148.2,4148.85,4146.08,4147.72,3206,7,0
2026-07-22 17:55:00,4147.74,4149.88,4144.07,4148.45,3084,8,0
2026-07-22 18:00:00,4148.43,4155.11,4148.43,4154.62,3251,7,0
2026-07-22 18:05:00,4154.61,4156.33,4153.65,4154.79,3051,8,0
2026-07-22 18:10:00,4154.79,4158.46,4154.15,4157.47,2519,8,0
2026-07-22 18:15:00,4157.49,4157.62,4153.23,4155.0,2018,8,0
2026-07-22 18:20:00,4155.06,4161.42,4154.23,4159.78,2154,8,0
2026-07-22 18:25:00,4159.78,4160.3,4156.39,4157.12,2140,12,0
2026-07-22 18:30:00,4157.12,4158.77,4156.12,4156.79,2358,8,0
2026-07-22 18:35:00,4156.74,4159.1,4155.54,4157.33,2429,8,0
2026-07-22 18:40:00,4157.48,4160.93,4157.14,4159.94,2400,7,0
2026-07-22 18:45:00,4159.96,4165.18,4158.54,4164.38,2406,8,0
2026-07-22 18:50:00,4164.42,4166.0,4162.35,4162.53,2463,9,0
2026-07-22 18:55:00,4162.51,4162.51,4158.28,4159.37,2547,10,0
2026-07-22 19:00:00,4159.39,4159.48,4156.03,4156.71,2519,9,0
2026-07-22 19:05:00,4156.71,4159.19,4156.23,4156.79,2122,12,0
2026-07-22 19:10:00,4156.79,4156.85,4153.12,4154.38,1927,8,0
2026-07-22 19:15:00,4154.4,4155.39,4151.17,4154.97,1684,8,0
2026-07-22 19:20:00,4154.95,4155.55,4152.16,4152.49,1705,7,0
2026-07-22 19:25:00,4152.5,4152.65,4147.87,4149.14,1443,7,0
2026-07-22 19:30:00,4149.1,4150.54,4146.02,4146.15,1301,8,0
2026-07-22 19:35:00,4146.15,4149.06,4144.32,4148.43,1468,10,0
2026-07-22 19:40:00,4148.41,4151.35,4146.47,4147.02,1962,9,0
2026-07-22 19:45:00,4147.12,4148.51,4145.74,4147.0,2009,7,0
2026-07-22 19:50:00,4146.92,4147.33,4144.49,4146.71,1895,14,0
2026-07-22 19:55:00,4146.72,4148.97,4145.88,4146.79,1608,8,0
2026-07-22 20:00:00,4146.79,4147.8,4144.39,4146.99,2006,8,0
2026-07-22 20:05:00,4146.99,4147.3,4142.96,4144.34,1969,7,0
2026-07-22 20:10:00,4144.3,4145.88,4143.16,4145.34,1655,8,0
2026-07-22 20:15:00,4145.22,4145.86,4142.77,4142.99,1944,7,0
2026-07-22 20:20:00,4142.95,4145.67,4142.66,4143.58,1904,10,0
2026-07-22 20:25:00,4143.56,4147.09,4143.2,4146.04,1901,8,0
2026-07-22 20:30:00,4146.06,4147.53,4144.3,4144.79,1685,8,0
2026-07-22 20:35:00,4144.8,4145.75,4138.81,4138.98,1944,11,0
2026-07-22 20:40:00,4139.01,4141.39,4138.35,4140.55,1839,17,0
2026-07-22 20:45:00,4140.57,4143.43,4140.38,4143.16,1419,10,0
2026-07-22 20:50:00,4143.16,4143.73,4142.17,4142.67,1416,8,0
2026-07-22 20:55:00,4142.65,4143.37,4141.08,4142.37,1341,11,0
2026-07-22 21:00:00,4142.35,4142.73,4136.62,4137.61,2166,8,0
2026-07-22 21:05:00,4137.63,4141.46,4137.37,4139.22,1539,9,0
2026-07-22 21:10:00,4139.19,4140.53,4137.49,4138.09,1731,8,0
2026-07-22 21:15:00,4138.05,4139.1,4136.61,4138.8,1654,8,0
2026-07-22 21:20:00,4138.82,4139.72,4135.08,4136.66,2029,10,0
2026-07-22 21:25:00,4136.66,4136.81,4134.65,4135.14,1838,14,0
2026-07-22 21:30:00,4135.13,4135.59,4131.86,4132.76,2243,8,0
2026-07-22 21:35:00,4132.76,4136.12,4132.6,4135.77,1657,8,0
2026-07-22 21:40:00,4135.76,4136.26,4133.77,4135.81,2003,7,0
2026-07-22 21:45:00,4135.87,4138.32,4135.28,4137.53,1706,7,0
2026-07-22 21:50:00,4137.53,4138.83,4137.4,4137.54,1558,9,0
2026-07-22 21:55:00,4137.53,4138.03,4135.85,4136.02,1301,15,0
2026-07-22 22:00:00,4135.9,4136.12,4133.03,4134.94,1926,15,0
2026-07-22 22:05:00,4134.98,4137.17,4134.98,4135.58,1536,11,0
2026-07-22 22:10:00,4135.52,4135.8,4134.0,4134.04,1054,8,0
2026-07-22 22:15:00,4134.04,4135.45,4133.18,4134.22,1417,8,0
2026-07-22 22:20:00,4134.23,4134.94,4131.63,4134.21,1436,8,0
2026-07-22 22:25:00,4134.19,4134.99,4132.51,4134.42,1393,8,0
2026-07-22 22:30:00,4134.36,4136.18,4132.58,4135.62,1298,8,0
2026-07-22 22:35:00,4135.6,4136.07,4133.57,4134.49,1158,8,0
2026-07-22 22:40:00,4134.47,4135.96,4133.61,4133.88,1325,8,0
2026-07-22 22:45:00,4133.87,4135.12,4133.19,4135.06,1573,8,0
2026-07-22 22:50:00,4135.12,4135.31,4128.89,4130.51,1810,8,0
2026-07-22 22:55:00,4130.52,4132.91,4129.88,4131.84,1888,11,0
2026-07-23 01:00:00,4123.93,4123.93,4087.25,4120.49,1369,21,0
2026-07-23 01:05:00,4120.82,4125.62,4119.46,4123.17,751,8,0
2026-07-23 01:10:00,4123.21,4123.62,4120.99,4123.62,507,8,0
2026-07-23 01:15:00,4124.02,4125.28,4120.69,4123.95,1173,14,0
2026-07-23 01:20:00,4123.78,4125.94,4122.0,4122.96,1226,8,0
2026-07-23 01:25:00,4122.98,4128.81,4122.68,4128.65,1242,7,0
2026-07-23 01:30:00,4128.68,4129.82,4125.58,4125.68,1036,8,0
2026-07-23 01:35:00,4125.68,4127.98,4124.01,4125.52,1284,8,0
2026-07-23 01:40:00,4125.55,4126.05,4119.91,4121.5,1234,8,0
2026-07-23 01:45:00,4121.43,4125.62,4120.59,4124.61,1070,7,0
2026-07-23 01:50:00,4124.55,4126.01,4121.1,4123.47,1591,8,0
2026-07-23 01:55:00,4123.52,4126.7,4120.68,4121.65,1510,7,0
2026-07-23 02:00:00,4121.65,4122.85,4117.13,4118.57,1644,12,0
2026-07-23 02:05:00,4118.57,4119.1,4116.45,4118.23,1213,11,0
2026-07-23 02:10:00,4118.23,4124.74,4116.59,4123.9,1451,7,0
2026-07-23 02:15:00,4123.86,4124.11,4119.77,4120.47,935,23,0
2026-07-23 02:20:00,4120.43,4122.16,4119.34,4120.66,544,24,0
2026-07-23 02:25:00,4120.66,4122.53,4119.15,4119.95,916,9,0
2026-07-23 02:30:00,4120.0,4122.5,4119.08,4120.5,682,8,0
2026-07-23 02:35:00,4120.47,4123.66,4119.89,4121.52,837,11,0
2026-07-23 02:40:00,4121.53,4124.54,4121.13,4123.63,772,18,0
2026-07-23 02:45:00,4123.58,4131.64,4122.89,4129.75,1460,9,0
2026-07-23 02:50:00,4129.65,4131.75,4128.68,4131.28,1960,9,0
2026-07-23 02:55:00,4131.29,4134.32,4130.73,4133.35,2063,15,0
2026-07-23 03:00:00,4133.42,4134.42,4128.14,4130.69,2579,9,0
2026-07-23 03:05:00,4130.69,4131.12,4127.13,4128.9,1668,13,0
2026-07-23 03:10:00,4128.92,4128.93,4126.1,4126.79,1467,12,0
2026-07-23 03:15:00,4126.79,4129.21,4126.66,4128.26,1621,10,0
2026-07-23 03:20:00,4128.26,4133.06,4127.54,4132.84,1965,14,0
2026-07-23 03:25:00,4132.89,4134.68,4128.89,4129.2,1809,10,0
2026-07-23 03:30:00,4129.13,4131.71,4128.08,4130.24,1615,10,0
2026-07-23 03:35:00,4130.27,4132.31,4127.74,4128.39,1458,9,0
2026-07-23 03:40:00,4128.39,4129.07,4127.11,4127.7,1491,12,0
2026-07-23 03:45:00,4127.72,4130.1,4126.89,4127.12,1592,8,0
2026-07-23 03:50:00,4127.15,4129.43,4125.0,4129.02,1585,9,0
2026-07-23 03:55:00,4128.99,4133.32,4127.52,4132.14,1836,16,0
2026-07-23 04:00:00,4132.11,4138.96,4129.78,4132.99,3726,8,0
2026-07-23 04:05:00,4132.93,4134.68,4130.53,4133.72,2898,8,0
2026-07-23 04:10:00,4133.69,4137.27,4131.91,4134.64,2840,7,0
2026-07-23 04:15:00,4134.56,4137.76,4133.63,4135.9,2340,7,0
2026-07-23 04:20:00,4135.9,4140.09,4134.83,4137.7,2511,8,0
2026-07-23 04:25:00,4137.68,4141.03,4136.66,4137.46,1880,8,0
2026-07-23 04:30:00,4137.48,4139.26,4128.86,4133.22,3282,8,0
2026-07-23 04:35:00,4133.23,4133.75,4122.88,4123.09,3401,8,0
2026-07-23 04:40:00,4123.07,4127.55,4121.41,4121.52,2998,8,0
2026-07-23 04:45:00,4121.49,4123.66,4117.99,4121.56,2896,8,0
2026-07-23 04:50:00,4121.57,4122.45,4117.9,4118.67,2789,11,0
2026-07-23 04:55:00,4118.67,4119.13,4114.21,4117.85,2740,8,0
2026-07-23 05:00:00,4117.84,4118.83,4112.88,4113.82,2460,8,0
2026-07-23 05:05:00,4113.84,4116.9,4112.11,4114.19,2487,10,0
2026-07-23 05:10:00,4114.2,4118.47,4114.07,4117.67,1977,8,0
2026-07-23 05:15:00,4117.75,4118.08,4113.14,4114.79,1815,9,0
2026-07-23 05:20:00,4114.79,4117.24,4113.46,4116.29,1849,8,0
2026-07-23 05:25:00,4116.27,4117.08,4114.09,4116.25,1865,9,0
2026-07-23 05:30:00,4116.28,4119.44,4113.79,4116.46,2790,7,0
2026-07-23 05:35:00,4116.46,4118.9,4114.83,4118.74,2423,9,0
2026-07-23 05:40:00,4118.92,4122.3,4117.86,4122.15,2364,8,0
2026-07-23 05:45:00,4122.16,4125.57,4122.1,4122.68,2627,7,0
2026-07-23 05:50:00,4122.55,4128.62,4121.3,4125.26,2157,8,0
2026-07-23 05:55:00,4125.37,4128.54,4124.95,4128.05,1710,8,0
2026-07-23 06:00:00,4128.1,4129.09,4125.93,4126.18,1978,8,0
2026-07-23 06:05:00,4126.2,4127.61,4124.46,4125.06,2145,7,0
2026-07-23 06:10:00,4125.05,4127.53,4123.97,4127.34,1852,8,0
2026-07-23 06:15:00,4127.34,4131.18,4126.6,4131.06,1551,8,0
2026-07-23 06:20:00,4131.06,4133.03,4130.61,4132.62,1815,7,0
2026-07-23 06:25:00,4132.62,4132.62,4129.45,4130.54,1796,10,0
2026-07-23 06:30:00,4130.53,4130.55,4128.25,4130.27,1617,10,0
2026-07-23 06:35:00,4130.27,4131.1,4128.55,4129.39,1294,20,0
2026-07-23 06:40:00,4129.28,4130.28,4125.75,4128.75,1555,8,0
2026-07-23 06:45:00,4128.8,4128.83,4125.08,4125.48,1477,9,0
2026-07-23 06:50:00,4125.51,4126.13,4124.97,4125.79,1028,15,0
2026-07-23 06:55:00,4125.77,4126.15,4124.12,4124.74,1252,8,0
2026-07-23 07:00:00,4124.6,4125.2,4122.59,4123.74,1202,10,0
2026-07-23 07:05:00,4123.75,4125.65,4122.51,4125.3,1598,8,0
2026-07-23 07:10:00,4125.34,4127.7,4123.96,4127.68,1775,8,0
2026-07-23 07:15:00,4127.68,4128.35,4125.02,4125.4,1653,8,0
2026-07-23 07:20:00,4125.42,4129.27,4125.4,4128.11,1327,10,0
2026-07-23 07:25:00,4128.11,4129.86,4127.23,4129.8,1384,9,0
2026-07-23 07:30:00,4129.75,4130.49,4125.61,4126.92,1583,8,0
2026-07-23 07:35:00,4126.91,4127.39,4125.7,4125.79,1220,8,0
2026-07-23 07:40:00,4125.79,4125.84,4123.13,4123.15,1224,8,0
2026-07-23 07:45:00,4123.19,4124.33,4121.51,4121.86,1432,11,0
2026-07-23 07:50:00,4121.9,4122.67,4120.12,4120.79,1212,13,0
2026-07-23 07:55:00,4120.77,4121.57,4119.94,4121.21,1195,14,0
2026-07-23 08:00:00,4121.2,4122.62,4119.43,4120.4,1770,8,0
2026-07-23 08:05:00,4120.4,4124.33,4120.35,4124.19,1401,10,0
2026-07-23 08:10:00,4124.17,4124.98,4123.45,4124.37,1452,9,0
2026-07-23 08:15:00,4124.37,4124.37,4121.2,4122.06,1398,13,0
2026-07-23 08:20:00,4122.06,4122.81,4119.76,4121.43,1449,10,0
2026-07-23 08:25:00,4121.43,4125.63,4121.14,4125.63,1540,8,0
2026-07-23 08:30:00,4125.63,4128.46,4123.35,4127.54,2646,7,0
2026-07-23 08:35:00,4127.52,4128.49,4126.14,4126.26,1901,8,0
2026-07-23 08:40:00,4126.24,4127.75,4124.57,4127.65,2306,9,0
2026-07-23 08:45:00,4127.67,4130.51,4126.12,4126.56,2226,8,0
2026-07-23 08:50:00,4126.63,4127.56,4124.08,4125.23,2101,8,0
2026-07-23 08:55:00,4125.22,4125.34,4120.61,4124.05,2083,8,0
2026-07-23 09:00:00,4124.01,4128.17,4123.33,4124.05,2839,8,0
2026-07-23 09:05:00,4124.04,4124.84,4121.08,4122.42,2775,8,0
2026-07-23 09:10:00,4122.42,4124.42,4121.76,4123.19,2070,13,0
2026-07-23 09:15:00,4123.19,4127.74,4122.43,4126.89,1735,9,0
2026-07-23 09:20:00,4126.91,4127.21,4123.36,4124.81,1843,15,0
2026-07-23 09:25:00,4124.81,4124.87,4121.23,4122.07,2093,9,0
2026-07-23 09:30:00,4122.07,4123.01,4120.54,4122.4,2348,9,0
2026-07-23 09:35:00,4122.36,4123.85,4120.73,4120.78,2106,8,0
2026-07-23 09:40:00,4120.8,4121.41,4116.91,4119.96,2246,7,0
2026-07-23 09:45:00,4119.97,4122.32,4119.05,4121.7,1736,8,0
2026-07-23 09:50:00,4121.65,4122.02,4119.6,4120.21,1838,11,0
2026-07-23 09:55:00,4120.22,4120.43,4117.7,4118.51,1896,8,0
2026-07-23 10:00:00,4118.52,4119.4,4113.9,4115.26,2924,8,0
2026-07-23 10:05:00,4115.27,4116.3,4109.46,4110.46,2640,9,0
2026-07-23 10:10:00,4110.47,4110.49,4101.93,4106.69,2890,8,0
2026-07-23 10:15:00,4106.68,4112.03,4106.51,4109.47,2292,7,0
2026-07-23 10:20:00,4109.47,4109.83,4105.5,4105.67,2443,8,0
2026-07-23 10:25:00,4105.67,4110.59,4105.67,4108.39,2300,7,0
2026-07-23 10:30:00,4108.39,4108.81,4102.06,4105.21,2384,11,0
2026-07-23 10:35:00,4105.26,4105.6,4099.41,4100.73,2106,7,0
2026-07-23 10:40:00,4100.73,4102.0,4091.25,4095.48,2315,8,0
2026-07-23 10:45:00,4095.53,4096.82,4091.12,4093.06,2605,8,0
2026-07-23 10:50:00,4093.06,4095.11,4089.98,4093.36,2433,7,0
2026-07-23 10:55:00,4093.43,4096.94,4092.16,4095.38,2724,8,0
2026-07-23 11:00:00,4095.37,4097.33,4090.08,4092.54,2614,7,0
2026-07-23 11:05:00,4092.67,4096.18,4092.22,4096.08,1992,8,0
2026-07-23 11:10:00,4096.07,4097.73,4090.23,4091.46,2250,7,0
2026-07-23 11:15:00,4091.45,4092.46,4089.47,4089.68,2168,10,0
2026-07-23 11:20:00,4089.64,4091.58,4088.38,4090.6,1734,8,0
2026-07-23 11:25:00,4090.55,4092.09,4088.98,4091.91,1839,8,0
2026-07-23 11:30:00,4091.83,4093.42,4089.87,4092.66,2046,8,0
2026-07-23 11:35:00,4092.47,4093.7,4090.67,4091.98,1692,7,0
2026-07-23 11:40:00,4091.98,4092.66,4088.58,4092.42,2122,7,0
2026-07-23 11:45:00,4092.42,4092.42,4087.02,4089.48,1935,8,0
2026-07-23 11:50:00,4089.46,4093.0,4088.15,4092.87,1861,7,0
2026-07-23 11:55:00,4092.85,4094.82,4092.6,4093.41,1615,8,0
2026-07-23 12:00:00,4093.38,4099.37,4092.64,4099.11,2599,8,0
2026-07-23 12:05:00,4099.11,4099.11,4096.62,4096.99,2139,8,0
2026-07-23 12:10:00,4096.98,4098.61,4094.73,4094.86,1912,12,0
2026-07-23 12:15:00,4094.86,4097.07,4093.97,4096.82,1851,8,0
2026-07-23 12:20:00,4096.82,4096.82,4093.06,4093.38,1852,8,0
2026-07-23 12:25:00,4093.36,4094.2,4089.37,4091.41,1873,8,0
2026-07-23 12:30:00,4091.44,4092.26,4088.58,4092.03,1948,8,0
2026-07-23 12:35:00,4092.05,4092.73,4090.66,4091.96,1530,8,0
2026-07-23 12:40:00,4091.76,4093.15,4090.36,4091.86,1624,8,0
2026-07-23 12:45:00,4091.86,4094.21,4091.37,4093.35,1554,14,0
2026-07-23 12:50:00,4093.35,4093.92,4089.75,4092.79,1826,8,0
2026-07-23 12:55:00,4092.81,4093.02,4088.34,4089.86,1555,7,0
2026-07-23 13:00:00,4089.82,4091.62,4088.03,4090.64,1980,9,0
2026-07-23 13:05:00,4090.6,4091.29,4087.93,4088.95,2102,8,0
2026-07-23 13:10:00,4088.93,4091.56,4088.15,4090.83,1665,9,0
2026-07-23 13:15:00,4090.83,4092.49,4088.66,4088.74,1764,11,0
2026-07-23 13:20:00,4088.74,4089.15,4085.88,4087.62,1949,8,0
2026-07-23 13:25:00,4087.66,4090.42,4087.29,4089.85,1497,8,0
2026-07-23 13:30:00,4089.88,4092.82,4086.54,4087.29,2003,8,0
2026-07-23 13:35:00,4087.14,4090.2,4086.72,4089.92,1663,7,0
2026-07-23 13:40:00,4089.86,4089.86,4087.35,4089.34,1516,8,0
2026-07-23 13:45:00,4089.3,4093.56,4087.21,4093.42,1542,7,0
2026-07-23 13:50:00,4093.36,4094.26,4091.64,4093.92,1880,7,0
2026-07-23 13:55:00,4093.91,4095.28,4091.96,4093.13,1639,8,0
2026-07-23 14:00:00,4093.13,4093.81,4090.51,4092.03,2400,8,0
2026-07-23 14:05:00,4092.02,4092.22,4088.42,4088.63,1994,10,0
2026-07-23 14:10:00,4088.61,4089.56,4086.96,4087.69,1926,8,0
2026-07-23 14:15:00,4087.71,4089.22,4084.4,4085.59,2075,8,0
2026-07-23 14:20:00,4085.58,4086.88,4080.9,4083.97,2366,8,0
2026-07-23 14:25:00,4083.99,4085.0,4081.48,4084.33,2285,8,0
2026-07-23 14:30:00,4084.34,4084.35,4079.34,4080.83,2506,8,0
2026-07-23 14:35:00,4080.83,4083.32,4079.18,4079.31,2766,7,0
2026-07-23 14:40:00,4079.16,4079.57,4073.03,4078.62,2888,8,0
2026-07-23 14:45:00,4078.61,4082.22,4077.79,4081.77,2552,7,0
2026-07-23 14:50:00,4081.7,4089.23,4081.48,4084.56,2677,8,0
2026-07-23 14:55:00,4084.5,4086.25,4083.01,4085.64,1842,9,0
2026-07-23 15:00:00,4085.65,4085.94,4082.13,4083.31,2234,8,0
2026-07-23 15:05:00,4083.55,4085.43,4081.88,4083.09,2172,8,0
2026-07-23 15:10:00,4083.1,4085.4,4081.2,4081.43,1567,7,0
2026-07-23 15:15:00,4081.44,4083.18,4072.67,4077.85,3007,7,0
2026-07-23 15:20:00,4077.67,4078.3,4070.29,4071.67,3236,7,0
2026-07-23 15:25:00,4071.74,4077.24,4071.08,4074.66,2297,7,0
2026-07-23 15:30:00,4074.14,4074.96,4067.54,4074.72,2423,7,0
2026-07-23 15:35:00,4074.68,4074.78,4064.18,4073.25,3175,8,0
2026-07-23 15:40:00,4073.17,4073.18,4066.14,4068.94,3223,7,0
2026-07-23 15:45:00,4068.94,4069.19,4062.9,4065.92,3332,7,0
2026-07-23 15:50:00,4065.86,4068.17,4062.03,4064.09,3205,7,0
2026-07-23 15:55:00,4064.05,4066.75,4060.97,4061.73,2998,7,0
2026-07-23 16:00:00,4061.73,4063.49,4054.42,4055.46,4285,8,0
2026-07-23 16:05:00,4055.52,4057.09,4044.8,4046.95,4326,8,0
2026-07-23 16:10:00,4046.93,4047.32,4040.35,4040.92,4314,8,0
2026-07-23 16:15:00,4040.93,4049.55,4040.62,4048.96,4284,8,0
2026-07-23 16:20:00,4048.93,4054.29,4048.53,4051.52,3039,7,0
2026-07-23 16:25:00,4051.59,4059.02,4051.59,4058.62,3212,8,0
2026-07-23 16:30:00,4058.62,4067.29,4058.31,4063.23,4179,7,0
2026-07-23 16:35:00,4063.22,4064.58,4055.49,4056.67,3928,8,0
2026-07-23 16:40:00,4056.65,4062.24,4055.35,4056.3,4107,7,0
2026-07-23 16:45:00,4056.33,4056.94,4049.93,4052.82,4158,7,0
2026-07-23 16:50:00,4052.83,4058.95,4051.73,4056.28,3762,8,0
2026-07-23 16:55:00,4056.24,4057.61,4042.68,4043.28,3833,7,0
2026-07-23 17:00:00,4043.24,4050.71,4042.82,4043.87,4190,7,0
2026-07-23 17:05:00,4043.95,4045.92,4040.11,4045.53,3908,7,0
2026-07-23 17:10:00,4045.61,4051.3,4041.79,4047.93,3738,8,0
2026-07-23 17:15:00,4047.92,4050.13,4042.25,4044.07,3963,7,0
2026-07-23 17:20:00,4044.07,4052.31,4042.81,4052.12,3779,8,0
2026-07-23 17:25:00,4052.12,4056.87,4051.2,4056.37,3585,8,0
2026-07-23 17:30:00,4056.35,4057.99,4051.67,4054.45,3625,7,0
2026-07-23 17:35:00,4054.5,4060.7,4051.68,4058.93,3638,8,0
2026-07-23 17:40:00,4059.01,4059.82,4055.9,4057.0,3452,8,0
2026-07-23 17:45:00,4056.98,4061.66,4056.03,4059.06,3551,8,0
2026-07-23 17:50:00,4059.12,4060.31,4056.66,4056.88,3514,9,0
2026-07-23 17:55:00,4056.85,4060.08,4056.55,4057.83,3173,8,0
2026-07-23 18:00:00,4057.86,4059.46,4055.47,4056.7,3697,7,0
2026-07-23 18:05:00,4056.7,4057.64,4051.54,4052.06,3345,8,0
2026-07-23 18:10:00,4052.07,4054.05,4049.44,4051.4,3254,8,0
2026-07-23 18:15:00,4051.42,4056.79,4050.27,4052.61,3774,8,0
2026-07-23 18:20:00,4052.59,4053.52,4045.31,4050.07,3763,7,0
2026-07-23 18:25:00,4050.04,4050.71,4046.26,4046.98,3096,8,0
2026-07-23 18:30:00,4046.99,4047.03,4042.26,4045.83,3771,7,0
2026-07-23 18:35:00,4045.89,4051.1,4045.63,4049.23,3829,7,0
2026-07-23 18:40:00,4049.12,4053.16,4047.99,4048.11,3261,8,0
2026-07-23 18:45:00,4048.08,4051.04,4047.21,4049.42,2785,8,0
2026-07-23 18:50:00,4049.4,4050.9,4046.82,4050.33,2788,8,0
2026-07-23 18:55:00,4050.33,4050.63,4046.71,4048.66,2198,7,0
2026-07-23 19:00:00,4048.66,4050.78,4048.47,4048.49,2626,7,0
2026-07-23 19:05:00,4048.51,4050.28,4047.33,4048.59,2625,8,0
2026-07-23 19:10:00,4048.56,4050.76,4047.93,4050.2,1912,7,0
2026-07-23 19:15:00,4050.16,4050.71,4045.76,4046.46,2193,8,0
2026-07-23 19:20:00,4046.5,4051.6,4046.46,4048.62,1998,7,0
2026-07-23 19:25:00,4048.62,4051.47,4048.33,4050.04,1808,8,0
2026-07-23 19:30:00,4050.03,4050.71,4048.03,4048.24,2059,7,0
2026-07-23 19:35:00,4048.26,4050.69,4047.02,4050.4,2420,7,0
2026-07-23 19:40:00,4050.4,4051.06,4049.18,4049.85,1549,7,0
2026-07-23 19:45:00,4049.86,4051.02,4048.83,4049.15,2016,7,0
2026-07-23 19:50:00,4049.15,4049.75,4048.04,4049.02,2041,10,0
2026-07-23 19:55:00,4049.03,4051.78,4049.03,4051.46,1924,8,0
2026-07-23 20:00:00,4051.52,4054.6,4050.61,4051.59,2686,8,0
2026-07-23 20:05:00,4051.59,4053.19,4046.88,4048.04,2403,8,0
2026-07-23 20:10:00,4048.03,4049.48,4046.87,4047.25,2435,7,0
2026-07-23 20:15:00,4047.25,4049.71,4046.09,4046.58,2297,11,0
2026-07-23 20:20:00,4046.54,4050.55,4046.54,4048.8,2636,8,0
2026-07-23 20:25:00,4048.8,4049.78,4046.7,4047.26,2386,9,0
2026-07-23 20:30:00,4047.27,4049.19,4046.77,4047.45,2630,10,0
2026-07-23 20:35:00,4047.46,4047.5,4044.23,4044.82,2214,8,0
2026-07-23 20:40:00,4044.82,4045.48,4041.92,4042.88,2502,8,0
2026-07-23 20:45:00,4042.87,4044.33,4042.16,4044.24,2376,11,0
2026-07-23 20:50:00,4044.15,4044.25,4041.98,4043.07,2255,8,0
2026-07-23 20:55:00,4043.06,4043.53,4041.63,4041.83,2152,12,0
2026-07-23 21:00:00,4041.83,4043.35,4040.67,4041.77,2785,8,0
2026-07-23 21:05:00,4041.76,4044.18,4040.79,4043.27,2370,8,0
2026-07-23 21:10:00,4043.24,4044.2,4041.47,4041.88,2483,10,0
2026-07-23 21:15:00,4041.86,4044.71,4040.86,4043.01,2520,9,0
2026-07-23 21:20:00,4042.96,4043.55,4040.68,4041.92,2370,8,0
2026-07-23 21:25:00,4041.93,4045.14,4041.23,4044.55,2514,7,0
2026-07-23 21:30:00,4044.47,4048.39,4044.45,4045.46,2305,8,0
2026-07-23 21:35:00,4045.46,4046.88,4044.44,4045.36,1835,7,0
2026-07-23 21:40:00,4045.28,4046.77,4044.92,4046.5,1990,8,0
2026-07-23 21:45:00,4046.51,4048.4,4046.49,4047.34,2046,7,0
2026-07-23 21:50:00,4047.34,4047.49,4045.82,4046.21,1854,8,0
2026-07-23 21:55:00,4046.23,4047.03,4044.58,4046.06,1332,7,0
2026-07-23 22:00:00,4046.12,4048.55,4044.9,4045.06,1117,7,0
2026-07-23 22:05:00,4045.17,4046.13,4043.42,4043.42,1095,9,0
2026-07-23 22:10:00,4043.44,4044.3,4042.84,4043.08,1212,14,0
2026-07-23 22:15:00,4043.07,4045.94,4042.94,4045.04,1672,17,0
2026-07-23 22:20:00,4045.04,4048.42,4044.98,4048.02,1507,13,0
2026-07-23 22:25:00,4048.04,4049.22,4047.03,4048.24,1286,10,0
2026-07-23 22:30:00,4048.24,4050.99,4045.82,4047.37,2025,8,0
2026-07-23 22:35:00,4047.18,4048.31,4046.83,4047.96,1521,15,0
2026-07-23 22:40:00,4047.95,4048.27,4045.83,4045.84,1800,10,0
2026-07-23 22:45:00,4045.85,4046.85,4044.89,4046.14,1531,14,0
2026-07-23 22:50:00,4046.25,4050.44,4046.25,4050.43,2270,8,0
2026-07-23 22:55:00,4050.49,4051.19,4049.44,4049.66,1780,8,0
2026-07-24 01:00:00,4032.03,4050.31,4032.03,4048.56,380,36,0
2026-07-24 01:05:00,4048.9,4050.41,4048.59,4049.02,292,16,0
2026-07-24 01:10:00,4049.02,4049.48,4048.79,4048.92,166,30,0
2026-07-24 01:15:00,4049.18,4049.88,4049.18,4049.64,152,31,0
2026-07-24 01:20:00,4049.64,4050.34,4049.46,4050.03,236,15,0
2026-07-24 01:25:00,4050.04,4050.04,4049.29,4049.88,273,15,0
2026-07-24 01:30:00,4049.93,4050.45,4049.69,4050.24,244,9,0
2026-07-24 01:35:00,4050.24,4050.36,4049.64,4049.76,205,9,0
2026-07-24 01:40:00,4049.76,4050.23,4048.77,4049.39,343,14,0
2026-07-24 01:45:00,4049.35,4049.94,4048.5,4048.67,284,8,0
2026-07-24 01:50:00,4048.67,4050.47,4048.65,4049.87,272,14,0
2026-07-24 01:55:00,4049.87,4050.13,4048.57,4049.55,271,9,0
2026-07-24 02:00:00,4049.55,4049.82,4048.69,4048.77,324,28,0
2026-07-24 02:05:00,4048.77,4049.24,4047.66,4048.29,355,20,0
2026-07-24 02:10:00,4048.38,4048.65,4047.36,4048.45,363,17,0
2026-07-24 02:15:00,4048.46,4049.15,4047.22,4047.3,417,18,0
2026-07-24 02:20:00,4047.3,4049.22,4047.13,4049.19,314,8,0
2026-07-24 02:25:00,4049.19,4049.86,4048.78,4049.13,278,19,0
2026-07-24 02:30:00,4049.1,4050.73,4049.02,4050.55,429,8,0
2026-07-24 02:35:00,4050.46,4050.46,4048.33,4048.37,493,8,0
2026-07-24 02:40:00,4048.37,4048.54,4046.93,4048.21,718,15,0
2026-07-24 02:45:00,4048.22,4049.67,4046.96,4048.48,1072,12,0
2026-07-24 02:50:00,4048.46,4049.49,4047.18,4047.58,635,20,0
2026-07-24 02:55:00,4047.58,4048.3,4046.56,4047.02,807,17,0
2026-07-24 03:00:00,4047.01,4049.96,4046.72,4047.17,1828,17,0
2026-07-24 03:05:00,4047.17,4047.44,4044.82,4045.63,1715,11,0
2026-07-24 03:10:00,4045.66,4046.51,4041.16,4041.61,1510,19,0
2026-07-24 03:15:00,4041.51,4045.04,4041.19,4043.02,1255,15,0
2026-07-24 03:20:00,4043.02,4048.04,4042.8,4046.1,1396,8,0
2026-07-24 03:25:00,4046.1,4046.89,4044.0,4046.55,1198,11,0
2026-07-24 03:30:00,4046.55,4047.29,4044.85,4046.1,857,10,0
2026-07-24 03:35:00,4046.08,4049.93,4045.21,4048.51,1136,14,0
2026-07-24 03:40:00,4048.51,4050.12,4047.53,4049.13,1060,9,0
2026-07-24 03:45:00,4049.2,4050.63,4048.76,4048.8,984,12,0
2026-07-24 03:50:00,4048.85,4049.99,4048.37,4048.95,902,14,0
2026-07-24 03:55:00,4048.99,4050.82,4048.68,4049.7,1171,7,0
2026-07-24 04:00:00,4049.65,4050.15,4040.04,4043.86,2875,8,0
2026-07-24 04:05:00,4043.86,4044.69,4041.85,4043.05,1784,9,0
2026-07-24 04:10:00,4043.05,4044.67,4040.3,4042.42,1798,7,0
2026-07-24 04:15:00,4042.4,4045.9,4041.47,4044.8,1952,7,0
2026-07-24 04:20:00,4044.8,4045.35,4041.9,4045.0,1786,9,0
2026-07-24 04:25:00,4044.98,4045.8,4042.72,4042.72,1641,9,0
2026-07-24 04:30:00,4042.73,4045.08,4041.55,4043.8,1779,11,0
2026-07-24 04:35:00,4043.79,4045.03,4042.01,4043.44,1685,15,0
2026-07-24 04:40:00,4043.42,4050.36,4043.36,4049.94,1801,7,0
2026-07-24 04:45:00,4049.94,4050.13,4047.87,4047.87,1523,12,0
2026-07-24 04:50:00,4047.88,4047.88,4044.95,4046.03,1552,8,0
2026-07-24 04:55:00,4046.0,4046.35,4041.39,4043.58,1483,11,0
2026-07-24 05:00:00,4043.58,4045.21,4042.33,4042.55,1555,16,0
2026-07-24 05:05:00,4042.53,4044.85,4040.92,4044.85,1118,8,0
2026-07-24 05:10:00,4044.85,4045.85,4043.89,4045.68,1125,16,0
2026-07-24 05:15:00,4045.65,4046.08,4044.63,4044.91,847,10,0
2026-07-24 05:20:00,4044.92,4046.33,4042.61,4046.33,860,17,0
2026-07-24 05:25:00,4046.33,4048.32,4045.71,4046.5,867,16,0
2026-07-24 05:30:00,4046.5,4048.11,4043.76,4044.2,1316,11,0
2026-07-24 05:35:00,4044.14,4044.82,4041.27,4042.36,1356,10,0
2026-07-24 05:40:00,4042.36,4043.83,4041.34,4041.68,1024,13,0
2026-07-24 05:45:00,4041.68,4041.78,4026.22,4026.24,2216,7,0
2026-07-24 05:50:00,4026.24,4030.55,4025.28,4025.28,2313,7,0
2026-07-24 05:55:00,4025.28,4027.43,4022.93,4024.35,2052,9,0
2026-07-24 06:00:00,4024.35,4027.34,4022.98,4026.69,1748,8,0
2026-07-24 06:05:00,4026.64,4028.9,4026.44,4026.81,1426,11,0
2026-07-24 06:10:00,4026.81,4032.27,4025.89,4031.72,1378,12,0
2026-07-24 06:15:00,4031.7,4033.66,4028.93,4029.19,1378,11,0
2026-07-24 06:20:00,4029.19,4031.77,4028.05,4030.25,1268,17,0
2026-07-24 06:25:00,4030.25,4031.19,4028.39,4030.38,1360,8,0
2026-07-24 06:30:00,4030.39,4033.28,4030.35,4032.01,1009,8,0
2026-07-24 06:35:00,4031.99,4032.93,4030.95,4031.48,903,12,0
2026-07-24 06:40:00,4031.48,4032.84,4030.81,4031.56,626,15,0
2026-07-24 06:45:00,4031.54,4032.05,4029.79,4031.53,770,16,0
2026-07-24 06:50:00,4031.51,4032.13,4029.71,4029.72,768,10,0
2026-07-24 06:55:00,4029.72,4029.81,4028.37,4029.29,756,21,0
2026-07-24 07:00:00,4029.18,4029.71,4027.8,4029.29,765,8,0
2026-07-24 07:05:00,4029.29,4030.23,4028.16,4029.22,893,22,0
2026-07-24 07:10:00,4029.22,4029.28,4026.98,4028.13,669,8,0
2026-07-24 07:15:00,4028.11,4028.85,4027.59,4028.48,608,15,0
2026-07-24 07:20:00,4028.48,4030.06,4027.85,4029.35,780,15,0
2026-07-24 07:25:00,4029.39,4030.28,4029.28,4029.75,707,19,0
2026-07-24 07:30:00,4029.74,4030.34,4028.57,4028.9,436,21,0
2026-07-24 07:35:00,4028.9,4029.86,4027.08,4027.32,604,14,0
2026-07-24 07:40:00,4027.35,4027.54,4025.9,4026.79,688,14,0
2026-07-24 07:45:00,4026.79,4027.16,4025.49,4026.89,500,15,0
2026-07-24 07:50:00,4026.89,4027.27,4025.91,4026.71,417,12,0
2026-07-24 07:55:00,4026.74,4028.75,4026.6,4027.0,505,8,0
2026-07-24 08:00:00,4027.0,4028.69,4025.2,4028.61,814,8,0
2026-07-24 08:05:00,4028.65,4029.86,4027.64,4028.96,634,11,0
2026-07-24 08:10:00,4029.0,4032.18,4027.23,4027.56,1095,7,0
2026-07-24 08:15:00,4027.38,4027.76,4022.33,4024.27,1197,8,0
2026-07-24 08:20:00,4024.46,4029.81,4024.16,4027.37,924,8,0
2026-07-24 08:25:00,4027.37,4027.74,4025.28,4026.16,732,8,0
2026-07-24 08:30:00,4026.14,4031.5,4025.63,4031.19,2091,9,0
2026-07-24 08:35:00,4031.34,4031.49,4024.85,4026.07,1684,8,0
2026-07-24 08:40:00,4026.07,4028.45,4023.94,4024.74,1637,8,0
2026-07-24 08:45:00,4024.68,4029.01,4024.53,4028.03,1339,9,0
2026-07-24 08:50:00,4028.04,4029.22,4022.71,4023.46,1638,13,0
2026-07-24 08:55:00,4023.37,4023.93,4021.82,4023.04,1204,9,0
2026-07-24 09:00:00,4023.03,4025.84,4022.89,4025.14,1329,7,0
2026-07-24 09:05:00,4025.25,4027.44,4024.59,4027.2,1175,7,0
2026-07-24 09:10:00,4027.2,4031.35,4026.62,4030.93,1378,7,0
2026-07-24 09:15:00,4030.94,4034.02,4029.09,4033.93,1557,7,0
2026-07-24 09:20:00,4033.88,4036.96,4033.39,4036.07,1697,11,0
2026-07-24 09:25:00,4036.07,4038.94,4035.11,4036.56,1349,9,0
2026-07-24 09:30:00,4036.56,4036.57,4033.12,4034.46,1574,13,0
2026-07-24 09:35:00,4034.48,4037.16,4034.35,4035.44,1538,8,0
2026-07-24 09:40:00,4035.44,4036.73,4033.51,4033.85,1413,8,0
2026-07-24 09:45:00,4033.83,4036.93,4033.62,4033.85,1400,9,0
2026-07-24 09:50:00,4033.85,4035.69,4031.52,4035.28,1375,8,0
2026-07-24 09:55:00,4035.28,4038.66,4035.01,4035.59,1646,8,0
2026-07-24 10:00:00,4035.6,4040.17,4034.9,4038.44,2073,7,0
2026-07-24 10:05:00,4038.44,4045.74,4038.28,4045.58,1777,7,0
2026-07-24 10:10:00,4045.58,4047.4,4044.79,4045.41,1530,8,0
2026-07-24 10:15:00,4045.41,4047.55,4043.91,4047.27,1710,8,0
2026-07-24 10:20:00,4047.19,4048.97,4045.85,4048.07,1427,8,0
2026-07-24 10:25:00,4048.07,4050.69,4047.57,4048.72,1491,10,0
2026-07-24 10:30:00,4048.7,4053.53,4047.75,4053.53,1784,8,0
2026-07-24 10:35:00,4053.58,4053.61,4046.47,4046.87,1403,8,0
2026-07-24 10:40:00,4046.87,4048.73,4045.68,4048.4,1193,7,0
2026-07-24 10:45:00,4048.29,4048.45,4045.98,4047.22,1316,8,0
2026-07-24 10:50:00,4047.26,4048.61,4046.77,4047.72,1139,9,0
2026-07-24 10:55:00,4047.75,4049.63,4047.6,4048.4,1024,10,0
2026-07-24 11:00:00,4048.36,4049.09,4046.49,4047.4,1451,8,0
2026-07-24 11:05:00,4047.4,4047.84,4045.17,4047.45,1417,13,0
2026-07-24 11:10:00,4047.54,4047.73,4045.61,4046.8,1407,8,0
2026-07-24 11:15:00,4046.83,4047.79,4045.02,4046.67,1282,11,0
2026-07-24 11:20:00,4046.67,4048.1,4046.04,4046.8,1371,14,0
2026-07-24 11:25:00,4046.75,4052.47,4046.0,4052.47,1493,12,0
2026-07-24 11:30:00,4052.33,4052.44,4049.84,4049.87,1363,19,0
2026-07-24 11:35:00,4049.91,4053.07,4048.66,4052.59,1271,10,0
2026-07-24 11:40:00,4052.58,4055.52,4052.55,4054.66,1147,8,0
2026-07-24 11:45:00,4054.66,4054.99,4052.25,4054.66,1098,8,0
2026-07-24 11:50:00,4054.66,4057.1,4054.18,4056.26,1271,11,0
2026-07-24 11:55:00,4056.27,4058.65,4056.0,4057.43,1050,10,0
2026-07-24 12:00:00,4057.5,4060.76,4055.82,4056.55,1419,8,0
2026-07-24 12:05:00,4056.56,4057.49,4055.03,4057.44,965,8,0
2026-07-24 12:10:00,4057.41,4057.87,4053.19,4054.03,1014,12,0
2026-07-24 12:15:00,4054.09,4056.66,4053.24,4054.95,949,8,0
2026-07-24 12:20:00,4054.9,4055.16,4053.28,4054.66,1031,12,0
2026-07-24 12:25:00,4054.66,4055.98,4052.44,4052.97,1083,8,0
2026-07-24 12:30:00,4052.94,4054.54,4051.57,4053.82,1062,8,0
2026-07-24 12:35:00,4053.82,4055.17,4053.46,4054.96,793,19,0
2026-07-24 12:40:00,4054.92,4056.23,4053.96,4055.6,831,8,0
2026-07-24 12:45:00,4055.6,4056.19,4054.97,4055.16,854,17,0
2026-07-24 12:50:00,4055.19,4058.31,4054.6,4058.15,903,11,0
2026-07-24 12:55:00,4058.15,4059.83,4058.1,4059.74,985,15,0
2026-07-24 13:00:00,4059.79,4061.44,4058.51,4059.69,952,10,0
2026-07-24 13:05:00,4059.69,4060.43,4058.67,4060.32,912,10,0
2026-07-24 13:10:00,4060.36,4060.53,4057.61,4058.1,801,9,0
2026-07-24 13:15:00,4058.1,4061.83,4057.42,4059.57,826,14,0
2026-07-24 13:20:00,4059.57,4061.15,4059.13,4060.31,787,8,0
2026-07-24 13:25:00,4060.3,4063.68,4059.73,4062.0,1090,8,0
2026-07-24 13:30:00,4061.97,4063.82,4061.3,4061.55,822,14,0
2026-07-24 13:35:00,4061.53,4061.63,4060.0,4060.02,627,9,0
2026-07-24 13:40:00,4060.0,4060.08,4058.08,4058.33,750,10,0
2026-07-24 13:45:00,4058.52,4059.09,4057.58,4058.77,795,8,0
2026-07-24 13:50:00,4058.78,4059.44,4057.05,4057.72,925,8,0
2026-07-24 13:55:00,4057.76,4060.26,4057.29,4060.04,703,8,0
2026-07-24 14:00:00,4060.03,4062.77,4058.54,4062.22,1213,9,0
2026-07-24 14:05:00,4062.22,4063.38,4060.46,4061.05,844,10,0
2026-07-24 14:10:00,4061.05,4061.29,4060.28,4061.24,535,19,0
2026-07-24 14:15:00,4061.34,4061.78,4059.95,4061.17,786,17,0
2026-07-24 14:20:00,4061.17,4061.92,4060.27,4061.45,674,9,0
2026-07-24 14:25:00,4061.45,4061.65,4059.05,4059.05,840,15,0
2026-07-24 14:30:00,4059.08,4060.35,4057.96,4059.83,1030,8,0
2026-07-24 14:35:00,4059.81,4059.92,4056.65,4057.12,1077,15,0
2026-07-24 14:40:00,4057.12,4057.85,4055.18,4055.24,873,10,0
2026-07-24 14:45:00,4055.24,4056.77,4053.7,4055.19,888,13,0
2026-07-24 14:50:00,4055.17,4055.22,4052.5,4052.64,821,18,0
2026-07-24 14:55:00,4052.67,4061.48,4051.35,4057.75,1925,7,0
2026-07-24 15:00:00,4057.73,4058.52,4052.27,4054.08,1992,7,0
2026-07-24 15:05:00,4054.08,4058.33,4052.53,4056.79,1882,8,0
2026-07-24 15:10:00,4056.79,4057.38,4055.52,4056.58,1558,10,0
2026-07-24 15:15:00,4056.55,4057.65,4055.67,4056.81,1532,9,0
2026-07-24 15:20:00,4056.56,4058.26,4054.73,4058.2,1425,13,0
2026-07-24 15:25:00,4058.22,4060.06,4055.81,4059.58,949,7,0
2026-07-24 15:30:00,4059.43,4059.59,4056.28,4057.16,1708,8,0
2026-07-24 15:35:00,4057.18,4058.21,4055.06,4055.63,1690,11,0
2026-07-24 15:40:00,4055.58,4056.83,4051.96,4055.08,1762,14,0
2026-07-24 15:45:00,4055.08,4056.34,4051.64,4054.04,1421,12,0
2026-07-24 15:50:00,4054.04,4055.76,4053.8,4055.13,1330,11,0
2026-07-24 15:55:00,4055.04,4055.33,4051.7,4054.56,1039,8,0
2026-07-24 16:00:00,4054.15,4054.5,4051.49,4052.14,906,15,0
2026-07-24 16:05:00,4052.14,4053.08,4045.82,4046.48,2370,9,0
2026-07-24 16:10:00,4046.48,4049.64,4044.65,4048.09,2155,7,0
2026-07-24 16:15:00,4047.99,4048.44,4044.85,4046.19,1704,8,0
2026-07-24 16:20:00,4046.21,4049.31,4045.61,4046.83,1685,9,0
2026-07-24 16:25:00,4046.87,4048.54,4045.78,4046.32,1866,15,0
2026-07-24 16:30:00,4046.3,4050.25,4044.61,4049.29,2843,8,0
2026-07-24 16:35:00,4049.31,4056.74,4049.12,4056.12,2927,9,0
2026-07-24 16:40:00,4056.12,4056.6,4051.22,4052.06,2352,7,0
2026-07-24 16:45:00,4052.07,4060.8,4048.2,4058.22,2705,7,0
2026-07-24 16:50:00,4058.17,4061.03,4055.81,4059.63,3378,7,0
2026-07-24 16:55:00,4059.59,4068.59,4056.85,4067.24,2788,7,0
2026-07-24 17:00:00,4067.24,4070.01,4062.51,4062.61,2754,7,0
2026-07-24 17:05:00,4062.78,4064.67,4057.17,4062.33,3200,7,0
2026-07-24 17:10:00,4062.33,4063.76,4058.68,4058.71,3256,7,0
2026-07-24 17:15:00,4058.71,4060.35,4055.9,4058.08,2682,7,0
2026-07-24 17:20:00,4058.08,4064.79,4056.79,4064.71,3169,7,0
2026-07-24 17:25:00,4064.71,4069.27,4064.37,4066.05,3246,7,0
2026-07-24 17:30:00,4066.09,4068.06,4064.4,4064.6,3076,9,0
2026-07-24 17:35:00,4064.84,4066.73,4059.85,4060.54,2787,8,0
2026-07-24 17:40:00,4060.53,4062.4,4059.2,4060.28,2740,8,0
2026-07-24 17:45:00,4060.28,4063.58,4058.45,4063.08,2785,8,0
2026-07-24 17:50:00,4063.07,4064.79,4061.07,4061.63,2542,10,0
2026-07-24 17:55:00,4061.64,4066.42,4061.29,4063.33,2819,9,0
2026-07-24 18:00:00,4063.34,4067.01,4061.89,4063.91,2891,8,0
2026-07-24 18:05:00,4063.96,4064.7,4061.8,4063.25,2535,13,0
2026-07-24 18:10:00,4063.28,4076.5,4063.1,4074.65,3594,7,0
2026-07-24 18:15:00,4074.6,4081.37,4071.81,4077.02,3514,8,0
2026-07-24 18:20:00,4077.16,4082.04,4072.61,4074.01,2748,8,0
2026-07-24 18:25:00,4073.92,4077.09,4072.38,4075.0,2554,8,0
2026-07-24 18:30:00,4075.04,4076.77,4073.89,4074.07,2529,7,0
2026-07-24 18:35:00,4074.07,4078.88,4073.51,4077.88,2229,7,0
2026-07-24 18:40:00,4077.88,4079.58,4071.65,4072.04,2464,7,0
2026-07-24 18:45:00,4072.04,4073.52,4070.96,4072.84,2000,10,0
2026-07-24 18:50:00,4072.87,4076.16,4072.73,4075.22,1771,16,0
2026-07-24 18:55:00,4075.22,4077.81,4074.91,4077.38,1849,15,0
2026-07-24 19:00:00,4077.43,4077.48,4075.02,4076.58,1936,10,0
2026-07-24 19:05:00,4076.56,4077.51,4075.09,4076.11,1482,8,0
2026-07-24 19:10:00,4076.09,4077.06,4074.44,4074.87,1419,8,0
2026-07-24 19:15:00,4074.87,4075.92,4073.82,4074.8,1469,12,0
2026-07-24 19:20:00,4074.77,4077.69,4073.77,4077.34,1439,12,0
2026-07-24 19:25:00,4077.35,4078.16,4073.4,4073.71,1402,16,0
2026-07-24 19:30:00,4073.68,4074.02,4070.19,4072.36,1775,8,0
2026-07-24 19:35:00,4072.36,4072.36,4067.47,4068.0,1677,15,0
2026-07-24 19:40:00,4068.02,4068.83,4066.62,4067.67,1497,17,0
2026-07-24 19:45:00,4067.67,4067.68,4064.22,4065.24,1518,7,0
2026-07-24 19:50:00,4065.24,4065.93,4064.11,4065.69,1030,17,0
2026-07-24 19:55:00,4065.67,4067.64,4065.41,4066.98,1179,17,0
2026-07-24 20:00:00,4067.0,4068.36,4066.66,4067.88,1285,17,0
2026-07-24 20:05:00,4067.85,4067.95,4063.88,4065.75,1763,8,0
2026-07-24 20:10:00,4065.77,4066.15,4062.85,4064.15,1504,8,0
2026-07-24 20:15:00,4064.14,4066.92,4063.52,4066.75,1421,9,0
2026-07-24 20:20:00,4066.74,4068.77,4065.33,4068.69,1722,10,0
2026-07-24 20:25:00,4068.68,4069.83,4067.21,4068.34,1407,9,0
2026-07-24 20:30:00,4068.31,4069.84,4067.43,4068.5,1061,13,0
2026-07-24 20:35:00,4068.44,4068.87,4067.6,4068.06,1167,10,0
2026-07-24 20:40:00,4068.04,4068.86,4066.1,4066.52,1047,17,0
2026-07-24 20:45:00,4066.49,4067.27,4064.65,4066.08,931,12,0
2026-07-24 20:50:00,4066.1,4066.92,4063.03,4063.43,1126,14,0
2026-07-24 20:55:00,4063.41,4065.22,4063.3,4063.34,1110,13,0
2026-07-24 21:00:00,4063.38,4064.13,4061.26,4062.89,1092,8,0
2026-07-24 21:05:00,4062.89,4064.51,4062.76,4063.08,932,13,0
2026-07-24 21:10:00,4063.1,4063.49,4061.33,4061.62,995,9,0
2026-07-24 21:15:00,4061.63,4062.94,4060.04,4060.26,986,13,0
2026-07-24 21:20:00,4060.23,4060.68,4056.59,4057.54,1441,8,0
2026-07-24 21:25:00,4057.48,4058.35,4054.89,4055.27,1437,11,0
2026-07-24 21:30:00,4055.33,4056.18,4052.42,4054.26,1258,8,0
2026-07-24 21:35:00,4054.23,4057.11,4053.29,4055.63,1596,8,0
2026-07-24 21:40:00,4055.63,4055.63,4051.1,4052.07,1318,9,0
2026-07-24 21:45:00,4052.08,4055.2,4051.76,4053.54,1052,17,0
2026-07-24 21:50:00,4053.57,4055.89,4052.91,4054.26,1050,13,0
2026-07-24 21:55:00,4054.34,4055.29,4053.95,4054.37,993,11,0
2026-07-24 22:00:00,4054.38,4056.37,4052.21,4054.53,1913,11,0
2026-07-24 22:05:00,4054.55,4054.68,4052.5,4052.9,1173,16,0
2026-07-24 22:10:00,4052.9,4054.84,4052.13,4052.32,1387,18,0
2026-07-24 22:15:00,4052.34,4052.38,4049.58,4050.75,1397,7,0
2026-07-24 22:20:00,4050.76,4051.17,4049.48,4049.59,1198,8,0
2026-07-24 22:25:00,4049.56,4051.86,4049.16,4051.5,1196,12,0
2026-07-24 22:30:00,4051.46,4054.44,4051.29,4054.07,1486,8,0
2026-07-24 22:35:00,4053.91,4056.44,4053.62,4055.43,1970,7,0
2026-07-24 22:40:00,4055.4,4057.92,4055.17,4056.77,1139,9,0
2026-07-24 22:45:00,4056.86,4057.37,4054.79,4055.16,1045,14,0
2026-07-24 22:50:00,4055.24,4055.61,4053.59,4055.29,1165,8,0
2026-07-24 22:55:00,4055.46,4055.46,4052.67,4053.67,1730,8,0
